time,event,arm
0.413698630136986,1,placebo
6.75890410958904,1,placebo
13.4027397260274,0,placebo
0.794520547945205,1,placebo
0.75068493150685,1,placebo
0.76986301369863,1,placebo
0.553424657534247,1,prednisone
7.58904109589041,0,prednisone
5.2054794520548,0,prednisone
0.26027397260274,0,prednisone
2.8958904109589,1,prednisone
3.46849315068493,1,placebo
0.556164383561644,1,placebo
3.8027397260274,1,placebo
8.2027397260274,1,prednisone
5.53972602739726,1,placebo
0.273972602739726,1,placebo
2.08219178082192,1,prednisone
12.186301369863,0,prednisone
11.0164383561644,0,prednisone
6.01369863013699,1,placebo
2.37534246575342,1,placebo
3.01643835616438,1,placebo
9.21917808219178,0,prednisone
0.567123287671233,1,placebo
0.353424657534247,1,placebo
11.7534246575342,0,prednisone
6.68493150684932,1,placebo
3.05479452054795,1,placebo
1.14246575342466,1,prednisone
1.94520547945205,1,placebo
3.60821917808219,0,placebo
3.75616438356164,0,placebo
5.56712328767123,1,prednisone
0.964383561643836,1,prednisone
9.82465753424658,1,placebo
0.424657534246575,1,prednisone
7.36438356164384,1,prednisone
11.9643835616438,0,placebo
8.44931506849315,1,prednisone
3.21369863013699,1,prednisone
0.073972602739726,1,prednisone
0.553424657534247,1,placebo
12.0876712328767,0,placebo
0.884931506849315,1,prednisone
0.775342465753425,1,prednisone
6.23835616438356,1,prednisone
2.3972602739726,0,prednisone
7.97808219178082,1,prednisone
0.454794520547945,1,prednisone
6.47671232876712,1,prednisone
0.312328767123288,1,placebo
5.23287671232877,1,placebo
3.6027397260274,1,prednisone
10.0082191780822,1,prednisone
2.41917808219178,1,placebo
2.8986301369863,1,placebo
6.66575342465753,1,placebo
11.8684931506849,0,placebo
2.64931506849315,1,placebo
11.027397260274,0,prednisone
10.3342465753425,1,prednisone
3.27123287671233,1,placebo
0.561643835616438,1,prednisone
7.6986301369863,1,prednisone
5.49315068493151,1,placebo
10.9452054794521,0,prednisone
0.983561643835616,1,prednisone
6.74794520547945,0,placebo
0.26027397260274,1,prednisone
1.76438356164384,1,prednisone
11.1780821917808,0,placebo
0.947945205479452,1,placebo
1.15890410958904,1,prednisone
5.23013698630137,1,placebo
2.1972602739726,1,placebo
5.41917808219178,1,placebo
10.0547945205479,1,prednisone
0.306849315068493,0,prednisone
0.413698630136986,1,placebo
6.07945205479452,1,placebo
0.553424657534247,1,placebo
0.701369863013699,1,prednisone
3.36986301369863,0,prednisone
1.88767123287671,1,prednisone
0.347945205479452,1,prednisone
7.09041095890411,1,prednisone
8.27397260273973,1,prednisone
9.98904109589041,0,placebo
1.9972602739726,0,placebo
2.15890410958904,1,prednisone
3.04383561643836,0,prednisone
1.78082191780822,0,prednisone
3.62191780821918,1,prednisone
5.6,0,prednisone
6.59178082191781,1,prednisone
0.350684931506849,0,placebo
8.11232876712329,1,placebo
0.246575342465753,1,prednisone
3.2027397260274,1,prednisone
1.24109589041096,1,placebo
6.62191780821918,1,prednisone
0.345205479452055,0,prednisone
0.312328767123288,1,placebo
5.50684931506849,1,placebo
0.334246575342466,1,prednisone
9.42465753424658,0,prednisone
8.47671232876712,1,prednisone
5.35068493150685,0,placebo
10.1616438356164,0,prednisone
10.1068493150685,0,placebo
2.85479452054795,0,prednisone
2.05479452054795,0,placebo
4.23561643835616,1,placebo
9.8931506849315,1,placebo
2.16712328767123,1,placebo
10.1780821917808,0,placebo
3.4,0,placebo
0.542465753424658,0,prednisone
1.39452054794521,0,placebo
2.84109589041096,1,placebo
0.928767123287671,1,placebo
10.0082191780822,0,prednisone
0.446575342465753,1,prednisone
0.967123287671233,0,placebo
0.594520547945205,0,prednisone
5.45205479452055,1,placebo
2.85753424657534,1,prednisone
3.06301369863014,1,placebo
1.82465753424658,1,placebo
1.13972602739726,0,prednisone
0.75068493150685,1,prednisone
2.97808219178082,0,prednisone
1.54794520547945,1,placebo
1.06849315068493,0,placebo
0.567123287671233,1,prednisone
9.02191780821918,0,placebo
1.2958904109589,1,placebo
0.235616438356164,1,prednisone
8.88219178082192,1,prednisone
0.191780821917808,1,placebo
9.77260273972603,0,prednisone
2.50684931506849,0,placebo
4.4958904109589,1,prednisone
7.22465753424658,1,placebo
2.06575342465753,0,placebo
9.2054794520548,0,prednisone
0.989041095890411,0,prednisone
0.295890410958904,0,placebo
8.96712328767123,1,placebo
0.10958904109589,1,prednisone
0.0794520547945206,1,prednisone
8.81643835616438,1,prednisone
2.33424657534247,1,placebo
1.12602739726027,0,prednisone
5.78904109589041,0,placebo
9.05205479452055,0,placebo
1.84383561643836,1,placebo
4.73698630136986,1,placebo
4.18904109589041,1,placebo
9.11232876712329,0,prednisone
8.9917808219178,0,placebo
9.7041095890411,0,placebo
9.17808219178082,1,prednisone
3.28767123287671,1,prednisone
9.1945205479452,0,prednisone
0.353424657534247,1,placebo
9.51780821917808,0,prednisone
3.12328767123288,0,prednisone
0.46027397260274,1,placebo
0.106849315068493,1,placebo
3.46027397260274,1,prednisone
1.4,0,prednisone
1.4027397260274,1,prednisone
4.05479452054795,1,placebo
1.14794520547945,1,placebo
9.0958904109589,0,prednisone
2.32602739726027,0,prednisone
1.05753424657534,0,prednisone
0.350684931506849,1,prednisone
5.1972602739726,0,placebo
9.2027397260274,0,prednisone
6.72602739726027,1,placebo
0.991780821917808,0,placebo
0.610958904109589,1,prednisone
9.08767123287671,0,prednisone
3.61643835616438,1,placebo
9.31506849315068,0,prednisone
4.42191780821918,0,prednisone
9.21095890410959,0,placebo
1.84931506849315,0,placebo
9.16712328767123,0,placebo
4.04657534246575,0,prednisone
3.16712328767123,0,prednisone
0.523287671232877,1,placebo
7.68767123287671,1,placebo
4.65205479452055,1,placebo
3.61643835616438,0,prednisone
5.34246575342466,1,placebo
8.56712328767123,0,placebo
1.83287671232877,1,placebo
0.783561643835616,1,prednisone
0.276712328767123,0,prednisone
9.0958904109589,0,placebo
9.1917808219178,0,placebo
0.994520547945206,0,placebo
2.05479452054795,1,prednisone
8.76438356164384,1,prednisone
9.01643835616438,0,placebo
9.08493150684932,0,placebo
8.15068493150685,0,prednisone
6.74246575342466,1,prednisone
8.6054794520548,0,prednisone
0.98082191780822,1,prednisone
2.3041095890411,1,placebo
1.63835616438356,1,placebo
2.18356164383562,1,prednisone
8.8958904109589,0,placebo
8.43835616438356,0,placebo
7.41643835616438,1,placebo
1.00821917808219,0,placebo
7.98356164383562,0,prednisone
8.02191780821918,0,placebo
8.1068493150685,0,prednisone
0.117808219178082,1,placebo
0.989041095890411,1,prednisone
7.94246575342466,1,prednisone
2.83561643835616,1,placebo
1.34246575342466,1,placebo
9.07671232876712,1,placebo
0.249315068493151,0,prednisone
1.24383561643836,1,prednisone
8.24109589041096,0,placebo
2.95342465753425,1,placebo
2.44383561643836,0,prednisone
8.13424657534247,0,placebo
5.41095890410959,1,placebo
8.58082191780822,1,prednisone
8.96986301369863,1,prednisone
0.331506849315069,1,prednisone
8.1945205479452,0,placebo
0.282191780821918,1,prednisone
3.40547945205479,1,placebo
2.67123287671233,1,placebo
3.9972602739726,1,prednisone
5.29315068493151,0,placebo
2.9972602739726,0,prednisone
0.375342465753425,1,placebo
0.528767123287671,0,prednisone
0.493150684931507,0,prednisone
0.961643835616438,0,placebo
0.487671232876712,0,prednisone
0.517808219178082,0,prednisone
0.526027397260274,1,prednisone
5.99178082191781,1,prednisone
5.2,0,prednisone
0.298630136986301,0,prednisone
2.4958904109589,1,placebo
9.2054794520548,0,placebo
1.96438356164384,1,prednisone
5.41369863013699,1,placebo
6.6,0,prednisone
0.96986301369863,0,prednisone
0.586301369863014,1,placebo
0.652054794520548,1,placebo
1.85479452054795,1,prednisone
0.295890410958904,1,prednisone
4.33424657534247,1,prednisone
0.923287671232877,1,placebo
1.09315068493151,0,placebo
7.72602739726027,0,prednisone
0.528767123287671,0,placebo
6.43561643835616,1,placebo
3.76164383561644,1,prednisone
0.528767123287671,1,placebo
2.48219178082192,1,placebo
7.76986301369863,0,prednisone
7.76712328767123,0,prednisone
0.832876712328767,1,prednisone
8.2027397260274,1,prednisone
0.947945205479452,1,prednisone
1.10958904109589,1,prednisone
8.43287671232877,1,prednisone
4.42465753424658,1,placebo
1.75342465753425,1,prednisone
3.37808219178082,0,prednisone
8.70958904109589,0,placebo
7.84109589041096,0,prednisone
0.383561643835616,1,placebo
1.56164383561644,1,placebo
3.0027397260274,1,placebo
2.57808219178082,1,placebo
2.46849315068493,1,placebo
0.26027397260274,0,prednisone
2.48767123287671,1,placebo
1.13698630136986,1,prednisone
0.528767123287671,0,prednisone
7.94246575342466,0,placebo
0.391780821917808,1,prednisone
1.78356164383562,1,prednisone
1.25753424657534,0,prednisone
1.16438356164384,0,placebo
7.40821917808219,1,placebo
0.504109589041096,1,placebo
7.18356164383562,0,prednisone
7.01643835616438,0,prednisone
0.701369863013699,1,placebo
0.449315068493151,0,placebo
0.413698630136986,1,placebo
0.117808219178082,1,prednisone
7.23835616438356,1,placebo
2.96986301369863,0,placebo
0.613698630136986,1,prednisone
7.26849315068493,0,placebo
0.312328767123288,1,prednisone
0.715068493150685,1,prednisone
5.63561643835616,1,prednisone
0.416438356164384,1,prednisone
1.99178082191781,0,placebo
0.72054794520548,0,placebo
7.32054794520548,0,prednisone
5.42191780821918,1,placebo
6.13150684931507,1,prednisone
0.320547945205479,1,prednisone
7.15616438356164,0,prednisone
0.610958904109589,1,prednisone
6.56164383561644,0,placebo
0.10958904109589,1,placebo
7.20821917808219,0,prednisone
1.0,1,prednisone
5.28493150684931,1,prednisone
1.24109589041096,1,placebo
7.03561643835616,0,prednisone
7.9917808219178,0,prednisone
0.0904109589041096,1,placebo
1.15068493150685,0,placebo
0.580821917808219,1,prednisone
0.575342465753425,1,placebo
6.02191780821918,1,placebo
7.58082191780822,0,placebo
3.24657534246575,1,placebo
1.46301369863014,1,placebo
1.04383561643836,1,prednisone
4.93972602739726,1,prednisone
4.27123287671233,1,placebo
1.41095890410959,1,prednisone
2.66301369863014,1,placebo
4.96986301369863,1,prednisone
6.95616438356164,0,placebo
0.0575342465753425,1,placebo
3.93150684931507,1,prednisone
3.2027397260274,1,placebo
2.52602739726027,1,placebo
1.1972602739726,0,placebo
1.87945205479452,1,placebo
2.18904109589041,0,prednisone
3.76438356164384,1,prednisone
2.00821917808219,0,placebo
2.12876712328767,1,placebo
2.41643835616438,1,placebo
5.43835616438356,1,prednisone
6.72328767123288,0,placebo
7.41369863013699,0,placebo
2.5972602739726,1,prednisone
0.542465753424658,1,placebo
0.553424657534247,1,prednisone
6.00821917808219,1,placebo
0.219178082191781,1,placebo
6.87123287671233,0,prednisone
6.83287671232877,0,placebo
3.21643835616438,0,placebo
3.50958904109589,1,prednisone
1.43561643835616,0,prednisone
0.728767123287671,1,placebo
3.77534246575342,0,placebo
2.63835616438356,1,placebo
1.56712328767123,1,placebo
6.87945205479452,0,prednisone
2.21643835616438,0,prednisone
6.27945205479452,1,prednisone
1.67123287671233,1,prednisone
7.29041095890411,0,prednisone
2.18630136986301,1,prednisone
2.49315068493151,1,placebo
3.94520547945205,0,placebo
1.18630136986301,1,prednisone
4.01917808219178,0,prednisone
4.77808219178082,1,placebo
6.50958904109589,1,prednisone
3.2958904109589,0,prednisone
0.424657534246575,1,prednisone
1.16164383561644,1,placebo
6.24657534246575,0,placebo
0.816438356164384,1,placebo
6.1945205479452,0,prednisone
6.87123287671233,0,prednisone
6.15616438356164,0,prednisone
4.43287671232877,1,placebo
0.210958904109589,1,prednisone
0.63013698630137,1,prednisone
5.94794520547945,0,prednisone
5.93150684931507,0,placebo
4.95890410958904,1,placebo
6.44109589041096,1,prednisone
2.8958904109589,1,prednisone
0.90958904109589,1,placebo
3.12602739726027,1,prednisone
0.172602739726027,1,prednisone
6.88219178082192,0,prednisone
5.11232876712329,1,prednisone
2.33150684931507,1,placebo
2.05479452054795,0,prednisone
6.04109589041096,0,placebo
5.96164383561644,0,placebo
0.986301369863014,1,placebo
6.24931506849315,0,placebo
6.0027397260274,0,prednisone
6.7945205479452,0,placebo
1.26301369863014,1,prednisone
6.56438356164384,0,placebo
1.09315068493151,0,placebo
4.07945205479452,1,placebo
0.304109589041096,0,placebo
3.36438356164384,0,prednisone
5.96986301369863,0,prednisone
1.31232876712329,1,placebo
4.36986301369863,1,prednisone
5.8054794520548,0,placebo
6.23287671232877,1,prednisone
5.74794520547945,0,placebo
3.2958904109589,1,prednisone
4.81369863013699,1,prednisone
3.05205479452055,1,placebo
1.46301369863014,1,placebo
6.07945205479452,0,prednisone
0.465753424657534,0,prednisone
1.92602739726027,1,placebo
4.35342465753425,1,prednisone
6.22465753424658,1,placebo
3.28219178082192,1,prednisone
3.53424657534247,1,prednisone
0.501369863013699,1,prednisone
6.06027397260274,0,prednisone
2.04657534246575,0,prednisone
4.35068493150685,1,placebo
2.05753424657534,1,placebo
